,trial-0,trial-1
0.5,0.3810854970551182,0.30876232305383283
0.75,0.5730196883458012,0.7630923802496633
1.0,0.9842335303213534,0.9901423863674509
1.25,1.4958185681148333,1.1055837523765562
1.5,1.201926225080534,1.4514271530227993
