,trial-0,trial-1
0.5,0.4716857586948342,0.43937086412127047
0.75,1.0435543545300552,1.0667694058615906
1.0,1.5835070428709574,1.2148753213281962
1.25,1.7975749060298434,1.3439167361479003
1.5,2.0572273622345105,1.6955337036302836
