,trial-0,trial-1
0.5,0.601917478128681,0.23838327014862853
0.75,0.5279898097499276,0.8105015001913359
1.0,1.2151546242710527,1.1570170495414833
1.25,1.5694912283178981,1.4199058522011303
1.5,1.948456764738548,1.7683810974504508
