,trial-0,trial-1
0.5,0.9544589748610439,0.7491216573971267
0.75,0.9206046342788843,0.4125886891016458
1.0,1.374343421516197,1.0633682636117352
1.25,1.0800549807411455,1.306334254282288
1.5,1.849815761510443,1.7590218472725454
