,trial-0,trial-1
0.5,0.6495492758724551,0.4881114935666513
0.75,0.6800181910033103,0.8108685944415098
1.0,0.6225113601354222,1.1136571741041643
1.25,0.984945361633573,1.6343983505110828
1.5,1.450718013215751,1.6025146584016836
