,trial-0,trial-1
0.5,0.7082190398421112,0.24446708150962854
0.75,0.8951196229276216,0.8323149115986658
1.0,1.121795683873149,1.094370871891389
1.25,1.3209230426865932,1.6699469634973552
1.5,1.6527617320002956,1.2625358817929109
