,trial-0,trial-1
0.5,0.5474294008161785,0.4250067510941016
0.75,0.5365532358656712,0.5752383868416493
1.0,1.1033480585683197,0.7733779157930379
1.25,1.31751588952936,1.1030479823665096
1.5,1.7057142877960827,0.8913083294967312
