,trial-0,trial-1
0.5,0.7001377084061663,0.831565540398014
0.75,0.7972952933189921,0.7292378367721034
1.0,1.2005775449130163,1.222047153460438
1.25,1.2306530927725392,1.1925112341259103
1.5,1.2927211624356272,1.552407880838869
