,trial-0,trial-1
0.5,0.32811267037040825,0.24727448804656454
0.75,0.4463133331841755,0.37855819192660706
1.0,1.0381786691754347,0.704173312526957
1.25,0.9211847895122259,1.0094872329098614
1.5,1.6961055234934912,0.8082108137226411
