,trial-0,trial-1
0.5,0.25382726105025666,0.73044748004038
0.75,0.9124413871134227,0.9151757579520363
1.0,0.6561184372804065,1.1760157020738666
1.25,1.5153061797170846,1.1318082526976316
1.5,1.189444782347589,1.6026149867102575
