,trial-0,trial-1
0.5,0.3607835478145307,0.4394250228967431
0.75,0.6858579709221736,0.8052817280965403
1.0,0.9500537138030756,0.8512343212356397
1.25,0.5475320125997724,1.5983114038635415
1.5,1.3457045758264856,1.8025327234364774
