,trial-0,trial-1
0.5,0.39269732569216825,0.14763989665462918
0.75,0.9027816316881727,0.8343647469656648
1.0,1.1791855259458666,0.9121320678017916
1.25,1.480150704149325,1.1321038591393204
1.5,1.5486266676906555,1.371011694342879
