,trial-0,trial-1
0.5,0.6784497004822234,0.6172289532657055
0.75,0.4558891143048182,0.7444523658523918
1.0,0.9149160224429311,0.9880523580942071
1.25,1.4305019560084768,1.576645977239782
1.5,1.0939156298815325,1.6160999851901863
