,trial-0,trial-1
0.5,0.19300696779094212,0.1549211309693544
0.75,0.3798396102754787,1.108340774299719
1.0,0.952644635843505,1.0589288095353098
1.25,0.9425942595596666,0.9860296817915238
1.5,1.5674448403498005,1.379097966709423
