,trial-0,trial-1
0.5,0.7488444898790974,0.13149528972235863
0.75,0.36469852074396936,0.4044323493599461
1.0,0.7392699492608834,1.2159099749179871
1.25,0.6482753130744044,1.2110037778827296
1.5,0.6742575132815666,1.781696553607259
